,committee_id,committee_name,report_year,report_type,image_number,line_number,transaction_id,file_number,entity_type,entity_type_desc,unused_recipient_committee_id,recipient_committee_id,recipient_name,recipient_state,beneficiary_committee_name,national_committee_nonfederal_account,disbursement_type,disbursement_type_description,disbursement_description,memo_code,memo_code_full,disbursement_date,disbursement_amount,candidate_office,candidate_office_description,candidate_office_district,candidate_id,candidate_name,candidate_first_name,candidate_last_name,candidate_middle_name,candidate_prefix,candidate_suffix,candidate_office_state,candidate_office_state_full,election_type,election_type_full,fec_election_type_desc,fec_election_year,amendment_indicator,amendment_indicator_desc,schedule_type_full,load_date,original_sub_id,back_reference_transaction_id,back_reference_schedule_id,semi_annual_bundled_refund,payee_last_name,payee_first_name,payee_middle_name,category_code,category_code_full,conduit_committee_name,conduit_committee_street1,conduit_committee_street2,conduit_committee_city,conduit_committee_state,conduit_committee_zip,spender_committee_type,spender_committee_org_type,spender_committee_designation,filing_form,link_id,recipient_city,recipient_zip,disbursement_purpose_category,memo_text,two_year_transaction_period,schedule_type,sub_id,pdf_url,line_number_label,payee_prefix,payee_suffix,payee_employer,payee_occupation,ref_disp_excess_flg,comm_dt
4151,C00828541,"DONALD J. TRUMP FOR PRESIDENT 2024, INC.",2023,Q2,202307159583710795,23,SB23.947750,1714574,ORG,ORGANIZATION,,,FROST ECHOLS LLC,SC,,,,,LEGAL CONSULTING,,,2023-06-06 00:00:00,241.5,,,,,,,,,,,,,P2024,,PRIMARY,2024,A,ADD,ITEMIZED DISBURSEMENTS,2023-07-21 03:36:51,,,,0.0,,,,,,,,,,,,P,,P,F3P,4071620231753502000,ROCK HILL,29731,OTHER,,2024,SB,4072020231755760441,https://docquery.fec.gov/cgi-bin/fecimg/?202307159583710795,Operating Expenditures,,,,,,
5267,C00828541,"DONALD J. TRUMP FOR PRESIDENT 2024, INC.",2023,YE,202401319618983059,23,SB23.972930,1752841,ORG,ORGANIZATION,,,COMPASS LEGAL GROUP,DC,,,,,LEGAL CONSULTING,,,2023-12-20 00:00:00,425.0,,,,,,,,,,,,,P2024,,PRIMARY,2024,A,ADD,ITEMIZED DISBURSEMENTS,2024-02-08 02:36:29,,,,0.0,,,,,,,,,,,,P,,P,F3P,4020120241818222000,WASHINGTON,20003,OTHER,,2024,SB,4020720241823318273,https://docquery.fec.gov/cgi-bin/fecimg/?202401319618983059,Operating Expenditures,,,,,,
5673,C00828541,"DONALD J. TRUMP FOR PRESIDENT 2024, INC.",2023,Q2,202307159583710794,23,SB23.941264,1714574,ORG,ORGANIZATION,,,FROST ECHOLS LLC,SC,,,,,LEGAL CONSULTING,,,2023-04-28 00:00:00,518.0,,,,,,,,,,,,,P2024,,PRIMARY,2024,A,ADD,ITEMIZED DISBURSEMENTS,2023-07-21 03:36:51,,,,0.0,,,,,,,,,,,,P,,P,F3P,4071620231753502000,ROCK HILL,29731,OTHER,,2024,SB,4072020231755760439,https://docquery.fec.gov/cgi-bin/fecimg/?202307159583710794,Operating Expenditures,,,,,,
6428,C00828541,"DONALD J. TRUMP FOR PRESIDENT 2024, INC.",2023,YE,202401319618983059,23,SB23.969251,1752841,ORG,ORGANIZATION,,,COMPASS LEGAL GROUP,DC,,,,,LEGAL CONSULTING,,,2023-11-10 00:00:00,939.19,,,,,,,,,,,,,P2024,,PRIMARY,2024,A,ADD,ITEMIZED DISBURSEMENTS,2024-02-08 02:36:29,,,,0.0,,,,,,,,,,,,P,,P,F3P,4020120241818222000,WASHINGTON,20003,OTHER,,2024,SB,4020720241823318272,https://docquery.fec.gov/cgi-bin/fecimg/?202401319618983059,Operating Expenditures,,,,,,
6924,C00828541,"DONALD J. TRUMP FOR PRESIDENT 2024, INC.",2023,Q2,202307159583710805,23,SB23.941923,1714574,ORG,ORGANIZATION,,,JAMS INC,CA,,,,,LEGAL FILING FEE,,,2023-04-18 00:00:00,1750.0,,,,,,,,,,,,,P2024,,PRIMARY,2024,A,ADD,ITEMIZED DISBURSEMENTS,2023-07-21 03:36:51,,,,0.0,,,,,,,,,,,,P,,P,F3P,4071620231753502000,IRVINE,92612,OTHER,,2024,SB,4072020231755760472,https://docquery.fec.gov/cgi-bin/fecimg/?202307159583710805,Operating Expenditures,,,,,,
7628,C00828541,"DONALD J. TRUMP FOR PRESIDENT 2024, INC.",2023,Q2,202307159583710795,23,SB23.944810,1714574,ORG,ORGANIZATION,,,FROST ECHOLS LLC,SC,,,,,LEGAL CONSULTING,,,2023-05-10 00:00:00,3261.0,,,,,,,,,,,,,P2024,,PRIMARY,2024,A,ADD,ITEMIZED DISBURSEMENTS,2023-07-21 03:36:51,,,,0.0,,,,,,,,,,,,P,,P,F3P,4071620231753502000,ROCK HILL,29731,OTHER,,2024,SB,4072020231755760440,https://docquery.fec.gov/cgi-bin/fecimg/?202307159583710795,Operating Expenditures,,,,,,
7639,C00828541,"DONALD J. TRUMP FOR PRESIDENT 2024, INC.",2023,YE,202401319618983059,23,SB23.966267,1752841,ORG,ORGANIZATION,,,COMPASS LEGAL GROUP,DC,,,,,LEGAL CONSULTING,,,2023-10-12 00:00:00,3293.75,,,,,,,,,,,,,P2024,,PRIMARY,2024,A,ADD,ITEMIZED DISBURSEMENTS,2024-02-08 02:36:29,,,,0.0,,,,,,,,,,,,P,,P,F3P,4020120241818222000,WASHINGTON,20003,OTHER,,2024,SB,4020720241823318271,https://docquery.fec.gov/cgi-bin/fecimg/?202401319618983059,Operating Expenditures,,,,,,
7795,C00828541,"DONALD J. TRUMP FOR PRESIDENT 2024, INC.",2023,YE,202401319618983604,23,SB23.965417,1752841,ORG,ORGANIZATION,,,"SHAW LAW, LTD.",IL,,,,,LEGAL CONSULTING,,,2023-10-04 00:00:00,3750.0,,,,,,,,,,,,,P2024,,PRIMARY,2024,A,ADD,ITEMIZED DISBURSEMENTS,2024-02-08 02:36:29,,,,0.0,,,,,,,,,,,,P,,P,F3P,4020120241818222000,WAUKEGAN,60085,OTHER,,2024,SB,4020720241823319907,https://docquery.fec.gov/cgi-bin/fecimg/?202401319618983604,Operating Expenditures,,,,,,
7796,C00828541,"DONALD J. TRUMP FOR PRESIDENT 2024, INC.",2023,YE,202401319618983604,23,SB23.970612,1752841,ORG,ORGANIZATION,,,"SHAW LAW, LTD.",IL,,,,,LEGAL CONSULTING,,,2023-11-13 00:00:00,3750.0,,,,,,,,,,,,,P2024,,PRIMARY,2024,A,ADD,ITEMIZED DISBURSEMENTS,2024-02-08 02:36:29,,,,0.0,,,,,,,,,,,,P,,P,F3P,4020120241818222000,WAUKEGAN,60085,OTHER,,2024,SB,4020720241823319908,https://docquery.fec.gov/cgi-bin/fecimg/?202401319618983604,Operating Expenditures,,,,,,
7797,C00828541,"DONALD J. TRUMP FOR PRESIDENT 2024, INC.",2023,YE,202401319618983605,23,SB23.973984,1752841,ORG,ORGANIZATION,,,"SHAW LAW, LTD.",IL,,,,,LEGAL CONSULTING,,,2023-12-08 00:00:00,3750.0,,,,,,,,,,,,,P2024,,PRIMARY,2024,A,ADD,ITEMIZED DISBURSEMENTS,2024-02-08 02:36:29,,,,0.0,,,,,,,,,,,,P,,P,F3P,4020120241818222000,WAUKEGAN,60085,OTHER,,2024,SB,4020720241823319909,https://docquery.fec.gov/cgi-bin/fecimg/?202401319618983605,Operating Expenditures,,,,,,
7816,C00828541,"DONALD J. TRUMP FOR PRESIDENT 2024, INC.",2023,YE,202401319618983009,23,SB23.968015,1752841,ORG,ORGANIZATION,,,BOWLES RICE LLP,WV,,,,,LEGAL CONSULTING,,,2023-10-26 00:00:00,3750.2,,,,,,,,,,,,,P2024,,PRIMARY,2024,A,ADD,ITEMIZED DISBURSEMENTS,2024-02-08 02:36:29,,,,0.0,,,,,,,,,,,,P,,P,F3P,4020120241818222000,CHARLESTON,25325,OTHER,,2024,SB,4020720241823318121,https://docquery.fec.gov/cgi-bin/fecimg/?202401319618983009,Operating Expenditures,,,,,,
8003,C00828541,"DONALD J. TRUMP FOR PRESIDENT 2024, INC.",2023,YE,202401319618983694,23,SB23.966406,1752841,ORG,ORGANIZATION,,,"WEITZMAN LAW OFFICES, LLC",NJ,,,,,LEGAL CONSULTING,,,2023-10-12 00:00:00,4300.0,,,,,,,,,,,,,P2024,,PRIMARY,2024,A,ADD,ITEMIZED DISBURSEMENTS,2024-02-08 02:36:29,,,,0.0,,,,,,,,,,,,P,,P,F3P,4020120241818222000,ROSELAND,7068,OTHER,,2024,SB,4020720241823320178,https://docquery.fec.gov/cgi-bin/fecimg/?202401319618983694,Operating Expenditures,,,,,,
8145,C00828541,"DONALD J. TRUMP FOR PRESIDENT 2024, INC.",2023,Q2,202307159583710836,23,SB23.949452,1714574,ORG,ORGANIZATION,,,"WEITZMAN LAW OFFICES, LLC",NJ,,,,,LEGAL CONSULTING,,,2023-06-21 00:00:00,5000.0,,,,,,,,,,,,,P2024,,PRIMARY,2024,A,ADD,ITEMIZED DISBURSEMENTS,2023-07-21 03:36:51,,,,0.0,,,,,,,,,,,,P,,P,F3P,4071620231753502000,ROSELAND,7068,OTHER,,2024,SB,4072020231755760564,https://docquery.fec.gov/cgi-bin/fecimg/?202307159583710836,Operating Expenditures,,,,,,
8689,C00828541,"DONALD J. TRUMP FOR PRESIDENT 2024, INC.",2023,Q3,202312219599919490,23,SB23.961005,1740556,ORG,ORGANIZATION,,,"LAW OFFICES OF GINEEN M. BRESSO, PLLC",FL,,,,,LEGAL CONSULTING,,,2023-09-07 00:00:00,10000.0,,,,,,,,,,,,,P2024,,PRIMARY,2024,N,NO CHANGE,ITEMIZED DISBURSEMENTS,2024-01-06 02:36:22,,,,0.0,,,,,,,,,,,,P,,P,F3P,4122120231813021001,FT LAUDERDALE,33301,OTHER,,2024,SB,4010520241814714847,https://docquery.fec.gov/cgi-bin/fecimg/?202312219599919490,Operating Expenditures,,,,,,
8690,C00828541,"DONALD J. TRUMP FOR PRESIDENT 2024, INC.",2023,Q3,202312219599919490,23,SB23.952259,1740556,ORG,ORGANIZATION,,,"LAW OFFICES OF GINEEN M. BRESSO, PLLC",FL,,,,,LEGAL CONSULTING,,,2023-07-19 00:00:00,10000.0,,,,,,,,,,,,,P2024,,PRIMARY,2024,N,NO CHANGE,ITEMIZED DISBURSEMENTS,2024-01-06 02:36:22,,,,0.0,,,,,,,,,,,,P,,P,F3P,4122120231813021001,FT LAUDERDALE,33301,OTHER,,2024,SB,4010520241814714848,https://docquery.fec.gov/cgi-bin/fecimg/?202312219599919490,Operating Expenditures,,,,,,
8706,C00828541,"DONALD J. TRUMP FOR PRESIDENT 2024, INC.",2023,YE,202401319618983299,23,SB23.965961,1752841,ORG,ORGANIZATION,,,"LAW OFFICES OF GINEEN M. BRESSO, PLLC",FL,,,,,LEGAL CONSULTING,,,2023-10-10 00:00:00,10000.0,,,,,,,,,,,,,P2024,,PRIMARY,2024,A,ADD,ITEMIZED DISBURSEMENTS,2024-02-08 02:36:29,,,,0.0,,,,,,,,,,,,P,,P,F3P,4020120241818222000,FORT LAUDERDALE,33301,OTHER,,2024,SB,4020720241823318992,https://docquery.fec.gov/cgi-bin/fecimg/?202401319618983299,Operating Expenditures,,,,,,
8720,C00828541,"DONALD J. TRUMP FOR PRESIDENT 2024, INC.",2023,Q2,202307159583710808,23,SB23.945471,1714574,ORG,ORGANIZATION,,,"LAW OFFICES OF GINEEN M. BRESSO, PLLC",FL,,,,,LEGAL CONSULTING,,,2023-05-22 00:00:00,10000.0,,,,,,,,,,,,,P2024,,PRIMARY,2024,A,ADD,ITEMIZED DISBURSEMENTS,2023-07-21 03:36:51,,,,0.0,,,,,,,,,,,,P,,P,F3P,4071620231753502000,FORT LAUDERDALE,33301,OTHER,,2024,SB,4072020231755760481,https://docquery.fec.gov/cgi-bin/fecimg/?202307159583710808,Operating Expenditures,,,,,,
8721,C00828541,"DONALD J. TRUMP FOR PRESIDENT 2024, INC.",2023,Q2,202307159583710809,23,SB23.949108,1714574,ORG,ORGANIZATION,,,"LAW OFFICES OF GINEEN M. BRESSO, PLLC",FL,,,,,LEGAL CONSULTING,,,2023-06-20 00:00:00,10000.0,,,,,,,,,,,,,P2024,,PRIMARY,2024,A,ADD,ITEMIZED DISBURSEMENTS,2023-07-21 03:36:51,,,,0.0,,,,,,,,,,,,P,,P,F3P,4071620231753502000,FORT LAUDERDALE,33301,OTHER,,2024,SB,4072020231755760482,https://docquery.fec.gov/cgi-bin/fecimg/?202307159583710809,Operating Expenditures,,,,,,
8723,C00828541,"DONALD J. TRUMP FOR PRESIDENT 2024, INC.",2023,Q3,202312219599919333,23,SB23.960770,1740556,ORG,ORGANIZATION,,,COMPASS LEGAL GROUP,DC,,,,,LEGAL CONSULTING,,,2023-09-07 00:00:00,10582.5,,,,,,,,,,,,,P2024,,PRIMARY,2024,N,NO CHANGE,ITEMIZED DISBURSEMENTS,2024-01-06 02:36:22,,,,0.0,,,,,,,,,,,,P,,P,F3P,4122120231813021001,WASHINGTON,20003,OTHER,,2024,SB,4010520241814714377,https://docquery.fec.gov/cgi-bin/fecimg/?202312219599919333,Operating Expenditures,,,,,,
8762,C00828541,"DONALD J. TRUMP FOR PRESIDENT 2024, INC.",2023,Q3,202312219599919673,23,SB23.950117,1740556,ORG,ORGANIZATION,,,"RED CURVE SOLUTIONS, LLC",MA,,,,,REIMBURSEMENT FOR LEGAL FEES,,,2023-07-07 00:00:00,12025.0,,,,,,,,,,,,,P2024,,PRIMARY,2024,N,NO CHANGE,ITEMIZED DISBURSEMENTS,2024-01-06 02:36:22,,,,0.0,,,,,,,,,,,,P,,P,F3P,4122120231813021001,BEVERLY,1915,ADMINISTRATIVE,,2024,SB,4010520241814716396,https://docquery.fec.gov/cgi-bin/fecimg/?202312219599919673,Operating Expenditures,,,,,,
8765,C00828541,"DONALD J. TRUMP FOR PRESIDENT 2024, INC.",2023,YE,202401319618983332,23,SB23.972611,1752841,ORG,ORGANIZATION,,,MARQUIS AURBACH CHTD,NV,,,,,LEGAL CONSULTING,,,2023-12-19 00:00:00,12465.02,,,,,,,,,,,,,P2024,,PRIMARY,2024,A,ADD,ITEMIZED DISBURSEMENTS,2024-02-08 02:36:29,,,,0.0,,,,,,,,,,,,P,,P,F3P,4020120241818222000,LAS VEGAS,89145,OTHER,,2024,SB,4020720241823319092,https://docquery.fec.gov/cgi-bin/fecimg/?202401319618983332,Operating Expenditures,,,,,,
8883,C00828541,"DONALD J. TRUMP FOR PRESIDENT 2024, INC.",2023,Q3,202312219599919673,23,SB23.951035,1740556,ORG,ORGANIZATION,,,"RED CURVE SOLUTIONS, LLC",MA,,,,,REIMBURSEMENT FOR LEGAL FEES,,,2023-07-13 00:00:00,16250.0,,,,,,,,,,,,,P2024,,PRIMARY,2024,N,NO CHANGE,ITEMIZED DISBURSEMENTS,2024-01-06 02:36:22,,,,0.0,,,,,,,,,,,,P,,P,F3P,4122120231813021001,BEVERLY,1915,ADMINISTRATIVE,,2024,SB,4010520241814716397,https://docquery.fec.gov/cgi-bin/fecimg/?202312219599919673,Operating Expenditures,,,,,,
8888,C00828541,"DONALD J. TRUMP FOR PRESIDENT 2024, INC.",2023,YE,202401319618983106,23,SB23.974024,1752841,ORG,ORGANIZATION,,,DHILLON LAW GROUP INC.,CA,,,,,LEGAL CONSULTING,,,2023-12-15 00:00:00,16600.0,,,,,,,,,,,,,P2024,,PRIMARY,2024,A,ADD,ITEMIZED DISBURSEMENTS,2024-02-08 02:36:29,,,,0.0,,,,,,,,,,,,P,,P,F3P,4020120241818222000,SAN FRANCISCO,94108,OTHER,,2024,SB,4020720241823318414,https://docquery.fec.gov/cgi-bin/fecimg/?202401319618983106,Operating Expenditures,,,,,,
8898,C00828541,"DONALD J. TRUMP FOR PRESIDENT 2024, INC.",2023,Q2,202307159583710808,23,SB23.940931,1714574,ORG,ORGANIZATION,,,"LAW OFFICES OF GINEEN M. BRESSO, PLLC",FL,,,,,LEGAL CONSULTING,,,2023-04-17 00:00:00,17500.0,,,,,,,,,,,,,P2024,,PRIMARY,2024,A,ADD,ITEMIZED DISBURSEMENTS,2023-07-21 03:36:51,,,,0.0,,,,,,,,,,,,P,,P,F3P,4071620231753502000,FORT LAUDERDALE,33301,OTHER,,2024,SB,4072020231755760480,https://docquery.fec.gov/cgi-bin/fecimg/?202307159583710808,Operating Expenditures,,,,,,
8908,C00828541,"DONALD J. TRUMP FOR PRESIDENT 2024, INC.",2023,YE,202401319618983009,23,SB23.971236,1752841,ORG,ORGANIZATION,,,BOWLES RICE LLP,WV,,,,,LEGAL CONSULTING,,,2023-11-29 00:00:00,18097.7,,,,,,,,,,,,,P2024,,PRIMARY,2024,A,ADD,ITEMIZED DISBURSEMENTS,2024-02-08 02:36:29,,,,0.0,,,,,,,,,,,,P,,P,F3P,4020120241818222000,CHARLESTON,25325,OTHER,,2024,SB,4020720241823318122,https://docquery.fec.gov/cgi-bin/fecimg/?202401319618983009,Operating Expenditures,,,,,,
8922,C00828541,"DONALD J. TRUMP FOR PRESIDENT 2024, INC.",2023,Q3,202312219599919369,23,SB23.951178,1740556,ORG,ORGANIZATION,,,GEORGETOWN ADVISORY,NJ,,,,,COMMUNICATIONS & LEGAL CONSULTING,,,2023-07-25 00:00:00,20000.0,,,,,,,,,,,,,P2024,,PRIMARY,2024,N,NO CHANGE,ITEMIZED DISBURSEMENTS,2024-01-06 02:36:22,,,,0.0,,,,,,,,,,,,P,,P,F3P,4122120231813021001,PRINCETON,8540,OTHER,,2024,SB,4010520241814714485,https://docquery.fec.gov/cgi-bin/fecimg/?202312219599919369,Operating Expenditures,,,,,,
8923,C00828541,"DONALD J. TRUMP FOR PRESIDENT 2024, INC.",2023,Q3,202312219599919370,23,SB23.952260,1740556,ORG,ORGANIZATION,,,GEORGETOWN ADVISORY,NJ,,,,,COMMUNICATIONS & LEGAL CONSULTING,,,2023-07-19 00:00:00,20000.0,,,,,,,,,,,,,P2024,,PRIMARY,2024,N,NO CHANGE,ITEMIZED DISBURSEMENTS,2024-01-06 02:36:22,,,,0.0,,,,,,,,,,,,P,,P,F3P,4122120231813021001,PRINCETON,8540,OTHER,,2024,SB,4010520241814714486,https://docquery.fec.gov/cgi-bin/fecimg/?202312219599919370,Operating Expenditures,,,,,,
8953,C00828541,"DONALD J. TRUMP FOR PRESIDENT 2024, INC.",2023,Q1,202304159580984358,23,SB23.932488,1700115,ORG,ORGANIZATION,,,GEORGETOWN ADVISORY,NJ,,,,,COMMUNICATIONS & LEGAL CONSULTING,,,2023-01-03 00:00:00,20000.0,,,,,,,,,,,,,P2024,,PRIMARY,2024,A,ADD,ITEMIZED DISBURSEMENTS,2023-04-20 03:36:41,,,,0.0,,,,,,,,,,,,P,,P,F3P,4041520231742625011,PRINCETON,8540,OTHER,,2024,SB,4041920231743309892,https://docquery.fec.gov/cgi-bin/fecimg/?202304159580984358,Operating Expenditures,,,,,,
8954,C00828541,"DONALD J. TRUMP FOR PRESIDENT 2024, INC.",2023,Q1,202304159580984358,23,SB23.934636,1700115,ORG,ORGANIZATION,,,GEORGETOWN ADVISORY,NJ,,,,,COMMUNICATIONS & LEGAL CONSULTING,,,2023-01-20 00:00:00,20000.0,,,,,,,,,,,,,P2024,,PRIMARY,2024,A,ADD,ITEMIZED DISBURSEMENTS,2023-04-20 03:36:41,,,,0.0,,,,,,,,,,,,P,,P,F3P,4041520231742625011,PRINCETON,8540,OTHER,,2024,SB,4041920231743309893,https://docquery.fec.gov/cgi-bin/fecimg/?202304159580984358,Operating Expenditures,,,,,,
8955,C00828541,"DONALD J. TRUMP FOR PRESIDENT 2024, INC.",2023,Q1,202304159580984359,23,SB23.936761,1700115,ORG,ORGANIZATION,,,GEORGETOWN ADVISORY,NJ,,,,,COMMUNICATIONS & LEGAL CONSULTING,,,2023-02-15 00:00:00,20000.0,,,,,,,,,,,,,P2024,,PRIMARY,2024,A,ADD,ITEMIZED DISBURSEMENTS,2023-04-20 03:36:41,,,,0.0,,,,,,,,,,,,P,,P,F3P,4041520231742625011,PRINCETON,8540,OTHER,,2024,SB,4041920231743309895,https://docquery.fec.gov/cgi-bin/fecimg/?202304159580984359,Operating Expenditures,,,,,,
8962,C00828541,"DONALD J. TRUMP FOR PRESIDENT 2024, INC.",2023,Q2,202307159583710785,23,SB23.949078,1714574,ORG,ORGANIZATION,,,DHILLON LAW GROUP INC.,CA,,,,,LEGAL CONSULTING,,,2023-06-20 00:00:00,20000.0,,,,,,,,,,,,,P2024,,PRIMARY,2024,A,ADD,ITEMIZED DISBURSEMENTS,2023-07-21 03:36:51,,,,0.0,,,,,,,,,,,,P,,P,F3P,4071620231753502000,SAN FRANCISCO,94108,OTHER,,2024,SB,4072020231755760412,https://docquery.fec.gov/cgi-bin/fecimg/?202307159583710785,Operating Expenditures,,,,,,
8963,C00828541,"DONALD J. TRUMP FOR PRESIDENT 2024, INC.",2023,Q2,202307159583710797,23,SB23.948737,1714574,ORG,ORGANIZATION,,,GEORGETOWN ADVISORY,NJ,,,,,COMMUNICATIONS & LEGAL CONSULTING,,,2023-06-22 00:00:00,20000.0,,,,,,,,,,,,,P2024,,PRIMARY,2024,A,ADD,ITEMIZED DISBURSEMENTS,2023-07-21 03:36:51,,,,0.0,,,,,,,,,,,,P,,P,F3P,4071620231753502000,PRINCETON,8540,OTHER,,2024,SB,4072020231755760446,https://docquery.fec.gov/cgi-bin/fecimg/?202307159583710797,Operating Expenditures,,,,,,
8964,C00828541,"DONALD J. TRUMP FOR PRESIDENT 2024, INC.",2023,Q2,202307159583710797,23,SB23.941662,1714574,ORG,ORGANIZATION,,,GEORGETOWN ADVISORY,NJ,,,,,COMMUNICATIONS & LEGAL CONSULTING,,,2023-04-25 00:00:00,20000.0,,,,,,,,,,,,,P2024,,PRIMARY,2024,A,ADD,ITEMIZED DISBURSEMENTS,2023-07-21 03:36:51,,,,0.0,,,,,,,,,,,,P,,P,F3P,4071620231753502000,PRINCETON,8540,OTHER,,2024,SB,4072020231755760448,https://docquery.fec.gov/cgi-bin/fecimg/?202307159583710797,Operating Expenditures,,,,,,
8965,C00828541,"DONALD J. TRUMP FOR PRESIDENT 2024, INC.",2023,Q2,202307159583710798,23,SB23.945154,1714574,ORG,ORGANIZATION,,,GEORGETOWN ADVISORY,NJ,,,,,COMMUNICATIONS & LEGAL CONSULTING,,,2023-05-22 00:00:00,20000.0,,,,,,,,,,,,,P2024,,PRIMARY,2024,A,ADD,ITEMIZED DISBURSEMENTS,2023-07-21 03:36:51,,,,0.0,,,,,,,,,,,,P,,P,F3P,4071620231753502000,PRINCETON,8540,OTHER,,2024,SB,4072020231755760449,https://docquery.fec.gov/cgi-bin/fecimg/?202307159583710798,Operating Expenditures,,,,,,
8981,C00828541,"DONALD J. TRUMP FOR PRESIDENT 2024, INC.",2023,Q2,202307159583710797,23,SB23.946135,1714574,ORG,ORGANIZATION,,,GEORGETOWN ADVISORY,NJ,,,,,COMMUNICATIONS & LEGAL CONSULTING & TRAVEL EXPENSES,,,2023-06-09 00:00:00,21435.45,,,,,,,,,,,,,P2024,,PRIMARY,2024,A,ADD,ITEMIZED DISBURSEMENTS,2023-07-21 03:36:51,,,,0.0,,,,,,,,,,,,P,,P,F3P,4071620231753502000,PRINCETON,8540,MATERIALS,,2024,SB,4072020231755760447,https://docquery.fec.gov/cgi-bin/fecimg/?202307159583710797,Operating Expenditures,,,,,,
8982,C00828541,"DONALD J. TRUMP FOR PRESIDENT 2024, INC.",2023,Q1,202304159580984359,23,SB23.938597,1700115,ORG,ORGANIZATION,,,GEORGETOWN ADVISORY,NJ,,,,,COMMUNICATIONS & LEGAL CONSULTING & TRAVEL EXPENSES,,,2023-03-14 00:00:00,21550.45,,,,,,,,,,,,,P2024,,PRIMARY,2024,A,ADD,ITEMIZED DISBURSEMENTS,2023-04-20 03:36:41,,,,0.0,,,,,,,,,,,,P,,P,F3P,4041520231742625011,PRINCETON,8540,MATERIALS,,2024,SB,4041920231743309896,https://docquery.fec.gov/cgi-bin/fecimg/?202304159580984359,Operating Expenditures,,,,,,
9008,C00828541,"DONALD J. TRUMP FOR PRESIDENT 2024, INC.",2023,YE,202401319618983104,23,SB23.966499,1752841,ORG,ORGANIZATION,,,DHILLON LAW GROUP INC.,CA,,,,,LEGAL CONSULTING,,,2023-10-10 00:00:00,24500.0,,,,,,,,,,,,,P2024,,PRIMARY,2024,A,ADD,ITEMIZED DISBURSEMENTS,2024-02-08 02:36:29,,,,0.0,,,,,,,,,,,,P,,P,F3P,4020120241818222000,SAN FRANCISCO,94108,OTHER,,2024,SB,4020720241823318407,https://docquery.fec.gov/cgi-bin/fecimg/?202401319618983104,Operating Expenditures,,,,,,
9013,C00828541,"DONALD J. TRUMP FOR PRESIDENT 2024, INC.",2023,YE,202401319618983106,23,SB23.973254,1752841,ORG,ORGANIZATION,,,DHILLON LAW GROUP INC.,CA,,,,,LEGAL CONSULTING,,,2023-12-04 00:00:00,25000.0,,,,,,,,,,,,,P2024,,PRIMARY,2024,A,ADD,ITEMIZED DISBURSEMENTS,2024-02-08 02:36:29,,,,0.0,,,,,,,,,,,,P,,P,F3P,4020120241818222000,SAN FRANCISCO,94108,OTHER,,2024,SB,4020720241823318413,https://docquery.fec.gov/cgi-bin/fecimg/?202401319618983106,Operating Expenditures,,,,,,
9016,C00828541,"DONALD J. TRUMP FOR PRESIDENT 2024, INC.",2023,YE,202401319618983299,23,SB23.970133,1752841,ORG,ORGANIZATION,,,"LAW OFFICES OF GINEEN M. BRESSO, PLLC",FL,,,,,LEGAL CONSULTING,,,2023-11-08 00:00:00,25000.0,,,,,,,,,,,,,P2024,,PRIMARY,2024,A,ADD,ITEMIZED DISBURSEMENTS,2024-02-08 02:36:29,,,,0.0,,,,,,,,,,,,P,,P,F3P,4020120241818222000,FORT LAUDERDALE,33301,OTHER,,2024,SB,4020720241823318993,https://docquery.fec.gov/cgi-bin/fecimg/?202401319618983299,Operating Expenditures,,,,,,
9017,C00828541,"DONALD J. TRUMP FOR PRESIDENT 2024, INC.",2023,YE,202401319618983300,23,SB23.973645,1752841,ORG,ORGANIZATION,,,"LAW OFFICES OF GINEEN M. BRESSO, PLLC",FL,,,,,LEGAL CONSULTING,,,2023-12-20 00:00:00,25000.0,,,,,,,,,,,,,P2024,,PRIMARY,2024,A,ADD,ITEMIZED DISBURSEMENTS,2024-02-08 02:36:29,,,,0.0,,,,,,,,,,,,P,,P,F3P,4020120241818222000,FORT LAUDERDALE,33301,OTHER,,2024,SB,4020720241823318994,https://docquery.fec.gov/cgi-bin/fecimg/?202401319618983300,Operating Expenditures,,,,,,
9026,C00828541,"DONALD J. TRUMP FOR PRESIDENT 2024, INC.",2023,Q1,202304159580984352,23,SB23.937993,1700115,ORG,ORGANIZATION,,,COMPASS LEGAL GROUP,DC,,,,,LEGAL CONSULTING & TRAVEL EXPENSES,,,2023-03-10 00:00:00,25025.0,,,,,,,,,,,,,P2024,,PRIMARY,2024,A,ADD,ITEMIZED DISBURSEMENTS,2023-04-20 03:36:41,,,,0.0,,,,,,,,,,,,P,,P,F3P,4041520231742625011,WASHINGTON,20003,MATERIALS,,2024,SB,4041920231743309874,https://docquery.fec.gov/cgi-bin/fecimg/?202304159580984352,Operating Expenditures,,,,,,
9031,C00828541,"DONALD J. TRUMP FOR PRESIDENT 2024, INC.",2023,Q1,202304159580984351,23,SB23.934296,1700115,ORG,ORGANIZATION,,,COMPASS LEGAL GROUP,DC,,,,,LEGAL CONSULTING & TRAVEL EXPENSES,,,2023-01-11 00:00:00,26832.31,,,,,,,,,,,,,P2024,,PRIMARY,2024,A,ADD,ITEMIZED DISBURSEMENTS,2023-04-20 03:36:41,,,,0.0,,,,,,,,,,,,P,,P,F3P,4041520231742625011,WASHINGTON,20003,MATERIALS,,2024,SB,4041920231743309872,https://docquery.fec.gov/cgi-bin/fecimg/?202304159580984351,Operating Expenditures,,,,,,
9035,C00828541,"DONALD J. TRUMP FOR PRESIDENT 2024, INC.",2023,Q1,202304159580984352,23,SB23.935940,1700115,ORG,ORGANIZATION,,,COMPASS LEGAL GROUP,DC,,,,,LEGAL CONSULTING & TRAVEL EXPENSES,,,2023-02-15 00:00:00,28460.53,,,,,,,,,,,,,P2024,,PRIMARY,2024,A,ADD,ITEMIZED DISBURSEMENTS,2023-04-20 03:36:41,,,,0.0,,,,,,,,,,,,P,,P,F3P,4041520231742625011,WASHINGTON,20003,MATERIALS,,2024,SB,4041920231743309873,https://docquery.fec.gov/cgi-bin/fecimg/?202304159580984352,Operating Expenditures,,,,,,
9042,C00828541,"DONALD J. TRUMP FOR PRESIDENT 2024, INC.",2023,Q3,202312219599919334,23,SB23.950770,1740556,ORG,ORGANIZATION,,,COMPASS LEGAL GROUP,DC,,,,,LEGAL CONSULTING,,,2023-07-05 00:00:00,30000.0,,,,,,,,,,,,,P2024,,PRIMARY,2024,N,NO CHANGE,ITEMIZED DISBURSEMENTS,2024-01-06 02:36:22,,,,0.0,,,,,,,,,,,,P,,P,F3P,4122120231813021001,WASHINGTON,20003,OTHER,,2024,SB,4010520241814714378,https://docquery.fec.gov/cgi-bin/fecimg/?202312219599919334,Operating Expenditures,,,,,,
9043,C00828541,"DONALD J. TRUMP FOR PRESIDENT 2024, INC.",2023,Q3,202312219599919334,23,SB23.954727,1740556,ORG,ORGANIZATION,,,COMPASS LEGAL GROUP,DC,,,,,LEGAL CONSULTING,,,2023-08-25 00:00:00,30000.0,,,,,,,,,,,,,P2024,,PRIMARY,2024,N,NO CHANGE,ITEMIZED DISBURSEMENTS,2024-01-06 02:36:22,,,,0.0,,,,,,,,,,,,P,,P,F3P,4122120231813021001,WASHINGTON,20003,OTHER,,2024,SB,4010520241814714379,https://docquery.fec.gov/cgi-bin/fecimg/?202312219599919334,Operating Expenditures,,,,,,
9044,C00828541,"DONALD J. TRUMP FOR PRESIDENT 2024, INC.",2023,Q3,202312219599919370,23,SB23.955799,1740556,ORG,ORGANIZATION,,,GEORGETOWN ADVISORY,NJ,,,,,COMMUNICATIONS & LEGAL CONSULTING,,,2023-08-25 00:00:00,30000.0,,,,,,,,,,,,,P2024,,PRIMARY,2024,N,NO CHANGE,ITEMIZED DISBURSEMENTS,2024-01-06 02:36:22,,,,0.0,,,,,,,,,,,,P,,P,F3P,4122120231813021001,PRINCETON,8540,OTHER,,2024,SB,4010520241814714487,https://docquery.fec.gov/cgi-bin/fecimg/?202312219599919370,Operating Expenditures,,,,,,
9060,C00828541,"DONALD J. TRUMP FOR PRESIDENT 2024, INC.",2023,Q2,202307159583710784,23,SB23.947165,1714574,ORG,ORGANIZATION,,,COMPASS LEGAL GROUP,DC,,,,,LEGAL CONSULTING,,,2023-06-01 00:00:00,30000.0,,,,,,,,,,,,,P2024,,PRIMARY,2024,A,ADD,ITEMIZED DISBURSEMENTS,2023-07-21 03:36:51,,,,0.0,,,,,,,,,,,,P,,P,F3P,4071620231753502000,WASHINGTON,20003,OTHER,,2024,SB,4072020231755760407,https://docquery.fec.gov/cgi-bin/fecimg/?202307159583710784,Operating Expenditures,,,,,,
9091,C00828541,"DONALD J. TRUMP FOR PRESIDENT 2024, INC.",2023,Q3,202312219599919341,23,SB23.960753,1740556,ORG,ORGANIZATION,,,DHILLON LAW GROUP INC.,CA,,,,,LEGAL CONSULTING,,,2023-09-06 00:00:00,40000.0,,,,,,,,,,,,,P2024,,PRIMARY,2024,N,NO CHANGE,ITEMIZED DISBURSEMENTS,2024-01-06 02:36:22,,,,0.0,,,,,,,,,,,,P,,P,F3P,4122120231813021001,SAN FRANCISCO,94108,OTHER,,2024,SB,4010520241814714399,https://docquery.fec.gov/cgi-bin/fecimg/?202312219599919341,Operating Expenditures,,,,,,
9092,C00828541,"DONALD J. TRUMP FOR PRESIDENT 2024, INC.",2023,Q3,202312219599919341,23,SB23.951931,1740556,ORG,ORGANIZATION,,,DHILLON LAW GROUP INC.,CA,,,,,LEGAL CONSULTING,,,2023-07-19 00:00:00,40000.0,,,,,,,,,,,,,P2024,,PRIMARY,2024,N,NO CHANGE,ITEMIZED DISBURSEMENTS,2024-01-06 02:36:22,,,,0.0,,,,,,,,,,,,P,,P,F3P,4122120231813021001,SAN FRANCISCO,94108,OTHER,,2024,SB,4010520241814714400,https://docquery.fec.gov/cgi-bin/fecimg/?202312219599919341,Operating Expenditures,,,,,,
9093,C00828541,"DONALD J. TRUMP FOR PRESIDENT 2024, INC.",2023,Q3,202312219599919341,23,SB23.954782,1740556,ORG,ORGANIZATION,,,DHILLON LAW GROUP INC.,CA,,,,,LEGAL CONSULTING,,,2023-08-07 00:00:00,40000.0,,,,,,,,,,,,,P2024,,PRIMARY,2024,N,NO CHANGE,ITEMIZED DISBURSEMENTS,2024-01-06 02:36:22,,,,0.0,,,,,,,,,,,,P,,P,F3P,4122120231813021001,SAN FRANCISCO,94108,OTHER,,2024,SB,4010520241814714401,https://docquery.fec.gov/cgi-bin/fecimg/?202312219599919341,Operating Expenditures,,,,,,
9095,C00828541,"DONALD J. TRUMP FOR PRESIDENT 2024, INC.",2023,YE,202401319618983107,23,SB23.974538,1752841,ORG,ORGANIZATION,,,DHILLON LAW GROUP INC.,CA,,,,,LEGAL CONSULTING,,,2023-12-14 00:00:00,40000.0,,,,,,,,,,,,,P2024,,PRIMARY,2024,A,ADD,ITEMIZED DISBURSEMENTS,2024-02-08 02:36:29,,,,0.0,,,,,,,,,,,,P,,P,F3P,4020120241818222000,SAN FRANCISCO,94108,OTHER,,2024,SB,4020720241823318415,https://docquery.fec.gov/cgi-bin/fecimg/?202401319618983107,Operating Expenditures,,,,,,
9124,C00828541,"DONALD J. TRUMP FOR PRESIDENT 2024, INC.",2023,Q3,202312219599919369,23,SB23.960742,1740556,ORG,ORGANIZATION,,,GEORGETOWN ADVISORY,NJ,,,,,COMMUNICATIONS & LEGAL CONSULTING,,,2023-09-07 00:00:00,50000.0,,,,,,,,,,,,,P2024,,PRIMARY,2024,N,NO CHANGE,ITEMIZED DISBURSEMENTS,2024-01-06 02:36:22,,,,0.0,,,,,,,,,,,,P,,P,F3P,4122120231813021001,PRINCETON,8540,OTHER,,2024,SB,4010520241814714484,https://docquery.fec.gov/cgi-bin/fecimg/?202312219599919369,Operating Expenditures,,,,,,
9146,C00828541,"DONALD J. TRUMP FOR PRESIDENT 2024, INC.",2023,YE,202401319618983154,23,SB23.965329,1752841,ORG,ORGANIZATION,,,GEORGETOWN ADVISORY,NJ,,,,,COMMUNICATIONS & LEGAL CONSULTING,,,2023-10-10 00:00:00,53500.0,,,,,,,,,,,,,P2024,,PRIMARY,2024,A,ADD,ITEMIZED DISBURSEMENTS,2024-02-08 02:36:29,,,,0.0,,,,,,,,,,,,P,,P,F3P,4020120241818222000,PRINCETON,8540,OTHER,,2024,SB,4020720241823318558,https://docquery.fec.gov/cgi-bin/fecimg/?202401319618983154,Operating Expenditures,,,,,,
9147,C00828541,"DONALD J. TRUMP FOR PRESIDENT 2024, INC.",2023,YE,202401319618983155,23,SB23.969844,1752841,ORG,ORGANIZATION,,,GEORGETOWN ADVISORY,NJ,,,,,COMMUNICATIONS & LEGAL CONSULTING,,,2023-11-16 00:00:00,53500.0,,,,,,,,,,,,,P2024,,PRIMARY,2024,A,ADD,ITEMIZED DISBURSEMENTS,2024-02-08 02:36:29,,,,0.0,,,,,,,,,,,,P,,P,F3P,4020120241818222000,PRINCETON,8540,OTHER,,2024,SB,4020720241823318560,https://docquery.fec.gov/cgi-bin/fecimg/?202401319618983155,Operating Expenditures,,,,,,
9148,C00828541,"DONALD J. TRUMP FOR PRESIDENT 2024, INC.",2023,YE,202401319618983155,23,SB23.973654,1752841,ORG,ORGANIZATION,,,GEORGETOWN ADVISORY,NJ,,,,,COMMUNICATIONS & LEGAL CONSULTING,,,2023-12-15 00:00:00,53500.0,,,,,,,,,,,,,P2024,,PRIMARY,2024,A,ADD,ITEMIZED DISBURSEMENTS,2024-02-08 02:36:29,,,,0.0,,,,,,,,,,,,P,,P,F3P,4020120241818222000,PRINCETON,8540,OTHER,,2024,SB,4020720241823318561,https://docquery.fec.gov/cgi-bin/fecimg/?202401319618983155,Operating Expenditures,,,,,,
9152,C00828541,"DONALD J. TRUMP FOR PRESIDENT 2024, INC.",2023,Q2,202307159583710783,23,SB23.942968,1714574,ORG,ORGANIZATION,,,COMPASS LEGAL GROUP,DC,,,,,LEGAL CONSULTING,,,2023-05-03 00:00:00,55000.0,,,,,,,,,,,,,P2024,,PRIMARY,2024,A,ADD,ITEMIZED DISBURSEMENTS,2023-07-21 03:36:51,,,,0.0,,,,,,,,,,,,P,,P,F3P,4071620231753502000,WASHINGTON,20003,OTHER,,2024,SB,4072020231755760406,https://docquery.fec.gov/cgi-bin/fecimg/?202307159583710783,Operating Expenditures,,,,,,
9194,C00828541,"DONALD J. TRUMP FOR PRESIDENT 2024, INC.",2023,YE,202401319618983105,23,SB23.968536,1752841,ORG,ORGANIZATION,,,DHILLON LAW GROUP INC.,CA,,,,,LEGAL CONSULTING,,,2023-10-27 00:00:00,90000.0,,,,,,,,,,,,,P2024,,PRIMARY,2024,A,ADD,ITEMIZED DISBURSEMENTS,2024-02-08 02:36:29,,,,0.0,,,,,,,,,,,,P,,P,F3P,4020120241818222000,SAN FRANCISCO,94108,OTHER,,2024,SB,4020720241823318409,https://docquery.fec.gov/cgi-bin/fecimg/?202401319618983105,Operating Expenditures,,,,,,
9225,C00828541,"DONALD J. TRUMP FOR PRESIDENT 2024, INC.",2023,YE,202401319618983104,23,SB23.965957,1752841,ORG,ORGANIZATION,,,DHILLON LAW GROUP INC.,CA,,,,,LEGAL CONSULTING,,,2023-10-10 00:00:00,149981.5,,,,,,,,,,,,,P2024,,PRIMARY,2024,A,ADD,ITEMIZED DISBURSEMENTS,2024-02-08 02:36:29,,,,0.0,,,,,,,,,,,,P,,P,F3P,4020120241818222000,SAN FRANCISCO,94108,OTHER,,2024,SB,4020720241823318406,https://docquery.fec.gov/cgi-bin/fecimg/?202401319618983104,Operating Expenditures,,,,,,
9235,C00828541,"DONALD J. TRUMP FOR PRESIDENT 2024, INC.",2023,YE,202401319618983105,23,SB23.968771,1752841,ORG,ORGANIZATION,,,DHILLON LAW GROUP INC.,CA,,,,,LEGAL CONSULTING,,,2023-10-30 00:00:00,181958.08,,,,,,,,,,,,,P2024,,PRIMARY,2024,A,ADD,ITEMIZED DISBURSEMENTS,2024-02-08 02:36:29,,,,0.0,,,,,,,,,,,,P,,P,F3P,4020120241818222000,SAN FRANCISCO,94108,OTHER,,2024,SB,4020720241823318410,https://docquery.fec.gov/cgi-bin/fecimg/?202401319618983105,Operating Expenditures,,,,,,
9251,C00828541,"DONALD J. TRUMP FOR PRESIDENT 2024, INC.",2023,YE,202401319618983104,23,SB23.967719,1752841,ORG,ORGANIZATION,,,DHILLON LAW GROUP INC.,CA,,,,,LEGAL CONSULTING,,,2023-10-26 00:00:00,299866.54,,,,,,,,,,,,,P2024,,PRIMARY,2024,A,ADD,ITEMIZED DISBURSEMENTS,2024-02-08 02:36:29,,,,0.0,,,,,,,,,,,,P,,P,F3P,4020120241818222000,SAN FRANCISCO,94108,OTHER,,2024,SB,4020720241823318408,https://docquery.fec.gov/cgi-bin/fecimg/?202401319618983104,Operating Expenditures,,,,,,
9254,C00828541,"DONALD J. TRUMP FOR PRESIDENT 2024, INC.",2023,YE,202401319618983107,23,SB23.975278,1752841,ORG,ORGANIZATION,,,DHILLON LAW GROUP INC.,CA,,,,,LEGAL CONSULTING,,,2023-12-20 00:00:00,331831.87,,,,,,,,,,,,,P2024,,PRIMARY,2024,A,ADD,ITEMIZED DISBURSEMENTS,2024-02-08 02:36:29,,,,0.0,,,,,,,,,,,,P,,P,F3P,4020120241818222000,SAN FRANCISCO,94108,OTHER,,2024,SB,4020720241823318417,https://docquery.fec.gov/cgi-bin/fecimg/?202401319618983107,Operating Expenditures,,,,,,
9265,C00828541,"DONALD J. TRUMP FOR PRESIDENT 2024, INC.",2023,YE,202401319618983106,23,SB23.971640,1752841,ORG,ORGANIZATION,,,DHILLON LAW GROUP INC.,CA,,,,,LEGAL CONSULTING,,,2023-11-22 00:00:00,709105.48,,,,,,,,,,,,,P2024,,PRIMARY,2024,A,ADD,ITEMIZED DISBURSEMENTS,2024-02-08 02:36:29,,,,0.0,,,,,,,,,,,,P,,P,F3P,4020120241818222000,SAN FRANCISCO,94108,OTHER,,2024,SB,4020720241823318412,https://docquery.fec.gov/cgi-bin/fecimg/?202401319618983106,Operating Expenditures,,,,,,
9266,C00828541,"DONALD J. TRUMP FOR PRESIDENT 2024, INC.",2023,YE,202401319618983107,23,SB23.974570,1752841,ORG,ORGANIZATION,,,DHILLON LAW GROUP INC.,CA,,,,,LEGAL CONSULTING,,,2023-12-14 00:00:00,734910.3,,,,,,,,,,,,,P2024,,PRIMARY,2024,A,ADD,ITEMIZED DISBURSEMENTS,2024-02-08 02:36:29,,,,0.0,,,,,,,,,,,,P,,P,F3P,4020120241818222000,SAN FRANCISCO,94108,OTHER,,2024,SB,4020720241823318416,https://docquery.fec.gov/cgi-bin/fecimg/?202401319618983107,Operating Expenditures,,,,,,
9268,C00828541,"DONALD J. TRUMP FOR PRESIDENT 2024, INC.",2023,YE,202401319618983105,23,SB23.970576,1752841,ORG,ORGANIZATION,,,DHILLON LAW GROUP INC.,CA,,,,,LEGAL CONSULTING,,,2023-11-13 00:00:00,964528.18,,,,,,,,,,,,,P2024,,PRIMARY,2024,A,ADD,ITEMIZED DISBURSEMENTS,2024-02-08 02:36:29,,,,0.0,,,,,,,,,,,,P,,P,F3P,4020120241818222000,SAN FRANCISCO,94108,OTHER,,2024,SB,4020720241823318411,https://docquery.fec.gov/cgi-bin/fecimg/?202401319618983105,Operating Expenditures,,,,,,
